#{"t_start": 1789385749.8017635, "env_id": "None"}
r,l,t
-4491.323295,5000,5.169203
-4409.571265,5000,9.594406
-4306.048473,5000,14.772171
-4541.612646,5000,18.906813
-4322.257863,5000,23.881108
-3957.721542,5000,27.983817
-3648.00831,5000,33.128341
-3160.885886,5000,37.363408
-2350.612666,5000,41.660396
-1829.985765,5000,46.973142
-1213.561423,5000,51.436923
-390.944344,5000,56.836068
315.896337,5000,61.242913
1229.361576,5000,66.853565
1982.957989,5000,71.391588
2648.679124,5000,76.650759
3432.401384,5000,81.150974
5295.313999,5000,85.731562
4867.189574,5000,91.185342
5223.700697,5000,95.710143
7737.96204,5000,101.252827
6024.477423,5000,105.837029
6449.356187,5000,111.224432
6601.53051,5000,115.744052
8474.512914,5000,121.103853
8650.490206,5000,125.753602
7086.54416,5000,130.352737
7996.58675,5000,135.822204
7340.030125,5000,140.314927
7781.741684,5000,145.857936
8239.688706,5000,150.365897
7803.74758,5000,155.830554
10332.111624,5000,160.608272
10495.519666,5000,166.267214
7819.614819,5000,170.98653
9199.714811,5000,175.910344
8714.283656,5000,181.471958
10409.398598,5000,186.140587
10824.616237,5000,191.664726
10932.568757,5000,196.343654
10339.855906,5000,201.870645
7626.425219,5000,206.440941
7839.425697,5000,210.888998
7948.284819,5000,216.265735
8807.196154,5000,220.921655
9264.362136,5000,226.48418
8352.558398,5000,231.118868
9320.260954,5000,236.750692
8450.198534,5000,241.35828
9274.490058,5000,246.892055
8571.136777,5000,251.566221
8607.794782,5000,256.245612
8722.004546,5000,261.730599
8781.742848,5000,266.46145
9000.163239,5000,272.054187
9123.11693,5000,276.749089
9237.175281,5000,282.319668
9544.921113,5000,287.323484
9741.150031,5000,292.833476
9825.816584,5000,297.473369
9848.985015,5000,302.065281
9960.596192,5000,307.630891
10013.483066,5000,312.253279
14437.666925,5000,317.843478
13762.56054,5000,322.55057
10009.049411,5000,327.92254
6249.252982,5000,332.362737
6365.885249,5000,337.613435
8367.163813,5000,342.105675
12926.442413,5000,346.732855
6395.490261,5000,352.031293
8476.633844,5000,356.562537
6918.486534,5000,361.858369
7205.45463,5000,366.290015
7121.752799,5000,371.575389
9502.603881,5000,376.168238
8269.161025,5000,380.638153
13463.421332,5000,386.172135
13401.801437,5000,390.903471
11229.913467,5000,396.654675
14285.12367,5000,401.37248
11968.372333,5000,406.816691
13802.204246,5000,411.427702
14211.012808,5000,416.943635
14527.479387,5000,421.59914
14647.70202,5000,426.273108
14448.56722,5000,431.809177
14337.778976,5000,436.41165
9388.404205,5000,441.821508
9505.923452,5000,446.393598
9622.96117,5000,451.799094
14733.86076,5000,456.535031
14327.424744,5000,462.018452
14515.722865,5000,466.675468
14615.978485,5000,471.31778
14715.000397,5000,476.860937
14724.908092,5000,481.465724
14728.248617,5000,486.979159
14619.697298,5000,491.601564
14737.802438,5000,497.156862
14728.044734,5000,502.073582
14729.332431,5000,507.856771
14729.986732,5000,512.473211
14736.035118,5000,517.059601
14729.672433,5000,522.521923
14737.155329,5000,527.203018
14734.472288,5000,532.686563
14735.649676,5000,537.33161
14733.845311,5000,542.834635
14737.832623,5000,547.548054
14728.650428,5000,552.27701
14740.394223,5000,557.788815
14731.682393,5000,562.478121
14747.697813,5000,568.041884
14748.072085,5000,572.665095
14730.408539,5000,578.240334
14729.481994,5000,582.992985
14733.964065,5000,588.5793
14580.842116,5000,593.31379
14710.737178,5000,598.089357
14329.589209,5000,603.736875
14460.884932,5000,608.896903
12643.081988,5000,614.608632
14234.55885,5000,619.273442
11483.875787,5000,624.803663
14331.657456,5000,629.600205
14718.38154,5000,635.105731
12443.527944,5000,639.755291
14529.568104,5000,644.427362
12318.733202,5000,650.040055
14191.79905,5000,654.807153
14672.37188,5000,660.417526
14717.699893,5000,665.14978
13813.66704,5000,670.760483
12312.93429,5000,675.428475
10428.723392,5000,680.828845
13631.648177,5000,685.491451
12763.710873,5000,690.074461
13050.379446,5000,695.566578
8698.035257,5000,700.148168
14745.429776,5000,705.860901
12868.162438,5000,710.641486
14696.698219,5000,716.97774
14279.288973,5000,721.737504
13183.261664,5000,727.264886
14525.631759,5000,732.021918
14746.008726,5000,736.81338
14744.080118,5000,742.450205
14749.47316,5000,747.256792
14745.704151,5000,752.887367
14729.967161,5000,757.568399
14645.423698,5000,763.189067
14236.156802,5000,767.828956
14694.707469,5000,772.557703
14733.422749,5000,778.186895
14746.520542,5000,782.787035
14727.184351,5000,788.315805
14532.599085,5000,792.992399
14708.605172,5000,798.544454
14718.361545,5000,803.204371
14736.141493,5000,808.745028
14776.423826,5000,813.403023
14718.099101,5000,818.122774
14744.784341,5000,824.153513
14791.716092,5000,828.771616
14744.891046,5000,834.272814
14778.750004,5000,838.934171
14791.701678,5000,844.514645
14789.697834,5000,849.144111
14685.08476,5000,854.57673
14753.905194,5000,859.258697
14663.367113,5000,863.89643
14749.696836,5000,869.436298
14676.279712,5000,874.075452
14723.30642,5000,879.592833
14808.7333,5000,884.248603
14800.444218,5000,889.77662
14676.038921,5000,894.422711
14678.657348,5000,899.949882
14638.872041,5000,904.624136
14701.805683,5000,909.319253
14608.31244,5000,914.911711
14628.069312,5000,919.60216
13912.061928,5000,925.183607
14559.757689,5000,930.084648
14135.006206,5000,935.612423
14668.401532,5000,940.265842
14680.222006,5000,944.993433
14578.018206,5000,950.623825
14287.829237,5000,955.273919
14669.996992,5000,960.800791
14611.336582,5000,965.438939
14517.566032,5000,970.903121
14485.451119,5000,975.536116
14161.086106,5000,981.064003
14674.058086,5000,985.846989
14661.085623,5000,990.502236
14650.905467,5000,995.994693
14688.599659,5000,1000.675033
14643.445661,5000,1006.203131
14620.958618,5000,1010.814549
14702.97171,5000,1016.350084
14566.03667,5000,1021.030007
14676.592606,5000,1026.57778
14633.878611,5000,1031.298343
14702.142373,5000,1036.371232
14674.828074,5000,1042.069753
14605.254522,5000,1046.76005
14664.330895,5000,1052.376114
14720.72984,5000,1057.056404
14674.02912,5000,1062.757096
14533.683445,5000,1067.709397
14586.770821,5000,1073.200474
14700.862026,5000,1077.84246
14670.766172,5000,1082.500571
14788.238755,5000,1087.869724
14777.433351,5000,1092.451202
14781.468587,5000,1097.89416
14786.52916,5000,1102.472606
14707.547757,5000,1107.935685
14721.042413,5000,1112.573074
14715.004781,5000,1117.140249
14765.075007,5000,1122.518919
14766.427556,5000,1127.113655
14762.551002,5000,1132.596221
14802.765816,5000,1137.255707
14754.306621,5000,1142.954499
14795.719488,5000,1147.951147
14785.602479,5000,1153.337922
14792.987466,5000,1157.958712
14798.709413,5000,1162.523415
14784.693,5000,1167.995418
14766.716675,5000,1172.540453
14736.789184,5000,1177.945305
14778.988186,5000,1182.533937
14734.000391,5000,1187.962644
14770.565192,5000,1192.532868
14714.966374,5000,1197.868494
14776.163744,5000,1202.403558
14788.742567,5000,1206.999624
14784.394252,5000,1212.471267
14796.36166,5000,1217.104038
14805.429856,5000,1222.543647
14783.202062,5000,1227.179538
14811.938184,5000,1232.704964
14791.484736,5000,1237.405004
14809.450563,5000,1242.82567
14804.289307,5000,1247.515364
14799.785826,5000,1252.431729
14812.025472,5000,1257.804997
14756.376506,5000,1262.380414
14812.901495,5000,1267.865783
14792.345929,5000,1272.579017
14804.825341,5000,1277.94304
14807.443498,5000,1282.565639
14804.303893,5000,1287.113992
14809.085064,5000,1292.641022
14802.657204,5000,1297.242745
14794.002773,5000,1302.683016
14811.654742,5000,1307.258586
14808.346543,5000,1312.740727
14816.896876,5000,1317.324901
14798.995761,5000,1322.770772
14809.191624,5000,1327.458517
14805.780525,5000,1332.056773
14801.491225,5000,1337.496406
14818.645154,5000,1342.13448
14819.234683,5000,1347.771025
14820.252897,5000,1352.399009
14817.400176,5000,1357.986043
14816.860539,5000,1362.874794
14819.144503,5000,1368.265203
14816.491149,5000,1372.877397
14815.122125,5000,1377.438655
14819.042186,5000,1382.896933
14816.453232,5000,1387.413793
14789.210445,5000,1392.822691
14788.915979,5000,1397.439875
14777.368661,5000,1402.934175
14810.510254,5000,1407.521408
14783.69852,5000,1412.940219
14800.521463,5000,1417.523735
14811.229946,5000,1422.110921
14800.791549,5000,1427.57453
14799.915537,5000,1432.067469
14807.159602,5000,1437.453396
14806.025301,5000,1442.04366
14790.024725,5000,1447.502297
14807.206401,5000,1452.100737
14797.751239,5000,1457.468895
14795.417791,5000,1462.180275
14795.612372,5000,1467.331848
14767.49018,5000,1472.79313
14794.398286,5000,1477.41401
14801.349652,5000,1482.832516
14800.438949,5000,1487.470889
14764.533534,5000,1492.921071
14800.082714,5000,1497.450484
14804.26939,5000,1502.01169
14808.907725,5000,1507.346226
14803.93399,5000,1512.015256
14796.81061,5000,1517.464076
14803.86826,5000,1522.089929
14787.454121,5000,1527.497473
14802.10819,5000,1532.141241
14807.580544,5000,1537.554779
14802.898603,5000,1542.223199
14816.079563,5000,1546.784008
14808.008994,5000,1552.216928
14787.93087,5000,1556.867521
14822.162463,5000,1562.362853
14809.811914,5000,1566.990693
14795.186865,5000,1572.437597
14810.922678,5000,1577.426988
14806.421853,5000,1582.859505
14792.671297,5000,1587.45986
14801.254802,5000,1592.046065
14797.428763,5000,1597.451467
14810.223125,5000,1602.053596
14814.192075,5000,1607.516265
14817.29658,5000,1612.133214
14801.928423,5000,1617.591412
14799.256332,5000,1622.213008
14791.616276,5000,1627.605663
14799.271751,5000,1632.244127
14801.742381,5000,1636.79984
14804.284541,5000,1642.198734
14795.790777,5000,1646.758791
14797.174884,5000,1652.135479
14817.985378,5000,1656.723596
14802.226388,5000,1662.127123
14825.134771,5000,1666.810678
14815.541924,5000,1671.395408
14815.828038,5000,1676.837096
14817.13477,5000,1681.504863
14771.497561,5000,1687.004015
14807.140284,5000,1691.562666
14711.018845,5000,1697.014321
14655.751542,5000,1701.576683
14733.500661,5000,1707.065286
14664.370309,5000,1711.684186
14730.43756,5000,1716.330518
14715.952601,5000,1721.720639
14738.861922,5000,1726.352427
14718.806144,5000,1731.798534
14802.628103,5000,1736.39017
14760.744773,5000,1741.802117
14724.081244,5000,1746.428897
14643.496298,5000,1751.793045
14605.51616,5000,1756.387998
14658.537809,5000,1760.943236
14759.077865,5000,1766.4097
14779.371594,5000,1771.005303
36.43566,35,1771.022581
14811.173328,5000,1776.552004
14790.805292,5000,1781.199705
14819.905826,5000,1786.777736
14752.519019,5000,1791.67799
14763.635863,5000,1797.167481
14758.148226,5000,1801.807659
14788.255389,5000,1806.349666
14602.144669,5000,1811.828735
14779.448482,5000,1816.428544
14805.327761,5000,1821.898269
14797.948778,5000,1826.483909
14807.072865,5000,1831.874436
14805.290073,5000,1836.511753
14799.980027,5000,1841.859864
14819.529676,5000,1846.452614
14804.734591,5000,1851.026914
14802.58624,5000,1856.520755
14639.441903,5000,1861.130626
14720.179653,5000,1866.590367
14714.448649,5000,1871.20413
14799.217985,5000,1876.688644
14824.955199,5000,1881.354966
14806.371632,5000,1886.01375
14792.868052,5000,1891.524629
14654.669488,5000,1896.720371
14809.63189,5000,1902.171151
14802.058391,5000,1906.725668
14791.722132,5000,1912.072556
14810.604923,5000,1916.708969
14789.04278,5000,1922.044559
14795.816469,5000,1926.621798
14791.002036,5000,1931.183793
14792.607419,5000,1936.598572
14799.08392,5000,1941.136148
14791.268705,5000,1946.600693
14788.093072,5000,1951.12286
14796.367624,5000,1956.517917
14789.524228,5000,1961.139766
14814.512334,5000,1966.453909
14789.282847,5000,1971.082457
14786.248941,5000,1975.682671
14810.195014,5000,1981.166299
14796.007653,5000,1985.806157
14811.454536,5000,1991.301303
14813.528408,5000,1995.921338
14799.973455,5000,2001.835258
14806.1257,5000,2006.433977
14830.01318,5000,2011.894253
14798.134518,5000,2016.536625
14804.360593,5000,2021.18574
14821.40615,5000,2026.609725
14803.724315,5000,2031.148798
14807.880407,5000,2036.658973
14812.828676,5000,2041.40924
14820.948852,5000,2046.85465
14832.666493,5000,2051.486039
14825.632996,5000,2056.120039
14832.27693,5000,2061.549782
14801.57159,5000,2066.229369
14838.196696,5000,2071.707053
41.636526,34,2071.731203
14815.033604,5000,2076.330943
14822.954743,5000,2081.839224
14792.57444,5000,2086.462857
14808.789124,5000,2091.973643
14792.644227,5000,2096.603092
14837.312394,5000,2101.208673
14812.008421,5000,2106.925288
14827.434183,5000,2111.465756
14815.216627,5000,2116.918136
14802.647568,5000,2121.549844
14799.94731,5000,2127.078616
14819.431524,5000,2131.724909
14784.535091,5000,2137.123102
14826.05103,5000,2141.743934
14813.702483,5000,2146.287294
14804.334258,5000,2151.781857
14791.931653,5000,2156.413136
14804.97655,5000,2161.837832
14796.743731,5000,2166.354784
14786.021592,5000,2171.833669
14803.689934,5000,2176.514176
14804.320534,5000,2182.071677
14780.976016,5000,2186.698788
14811.158961,5000,2191.286361
14805.139988,5000,2196.815917
14809.170059,5000,2201.433751
14763.277936,5000,2206.819807
14772.998545,5000,2211.423142
14774.102928,5000,2217.295666
14788.331404,5000,2221.89168
14772.037728,5000,2227.292301
14751.74063,5000,2231.846958
14781.103885,5000,2236.45466
14803.700912,5000,2241.917501
14781.448952,5000,2246.522013
14817.579485,5000,2251.860262
14788.020445,5000,2256.425319
14778.669582,5000,2261.877494
14770.371847,5000,2266.522763
14791.830297,5000,2271.141516
14759.582701,5000,2276.576615
44.530374,37,2276.594564
14793.059063,5000,2281.161364
14757.235584,5000,2286.631409
14770.730928,5000,2291.238645
14776.434526,5000,2296.657131
14784.719247,5000,2301.222853
14791.043545,5000,2306.669364
14787.40056,5000,2311.3064
14781.861659,5000,2315.939769
44.100618,38,2315.958535
14793.100501,5000,2321.915922
14796.027425,5000,2326.498262
14779.357255,5000,2331.909733
14820.247674,5000,2336.462959
14794.015174,5000,2341.951167
14788.617003,5000,2346.414118
14799.818573,5000,2351.793987
14792.68419,5000,2356.422925
14793.130614,5000,2361.084285
14801.072942,5000,2366.595279
14810.469448,5000,2371.213236
14792.701262,5000,2376.661368
14781.56447,5000,2381.252595
14788.909469,5000,2386.618386
14789.03187,5000,2391.242429
14802.320145,5000,2396.598798
14791.485731,5000,2401.188672
14789.250176,5000,2405.757568
14785.329995,5000,2411.295797
14809.208485,5000,2415.922453
14788.190783,5000,2421.291008
14805.375727,5000,2426.333311
14796.4697,5000,2431.79193
14813.194883,5000,2436.424173
14796.215679,5000,2441.81027
14816.580002,5000,2446.455053
14813.834348,5000,2451.070052
14820.117918,5000,2456.521407
14818.88205,5000,2461.096608
14801.416425,5000,2466.551613
14831.445886,5000,2471.229276
14811.971313,5000,2476.670669
14816.163974,5000,2481.341917
14821.352352,5000,2486.802656
14805.337356,5000,2491.393105
14806.432884,5000,2496.018602
14808.634782,5000,2501.575409
14809.854532,5000,2506.21962
14798.944733,5000,2511.589045
14806.442892,5000,2516.168052
14808.087344,5000,2521.670399
14807.178502,5000,2526.35173
14815.114625,5000,2531.056638
14812.81753,5000,2536.84858
14814.248955,5000,2541.435902
14813.513148,5000,2546.950509
14806.413456,5000,2551.607688
14812.068456,5000,2557.17727
14815.103729,5000,2561.790542
14814.319458,5000,2567.182926
14815.03972,5000,2571.853867
14813.933865,5000,2576.459514
14813.829042,5000,2581.971645
14813.50914,5000,2586.624329
14812.375915,5000,2592.087088
14813.902049,5000,2596.642361
14816.223039,5000,2602.14972
14807.487412,5000,2606.772371
14821.397535,5000,2612.189313
14832.801402,5000,2616.743057
14818.767168,5000,2621.365184
14826.037501,5000,2626.792364
14830.013492,5000,2631.338223
14829.231835,5000,2636.734493
14816.116267,5000,2641.366797
14804.057101,5000,2647.43614
14826.635237,5000,2652.04102
14819.817348,5000,2657.440024
14818.809225,5000,2662.043202
14812.82787,5000,2666.639336
14818.026134,5000,2672.1599
14828.918041,5000,2676.748576
14823.60349,5000,2682.171964
14811.357392,5000,2686.793103
14795.425579,5000,2692.248746
14797.268309,5000,2696.873785
14813.77274,5000,2701.487881
14820.342544,5000,2706.936827
14794.897362,5000,2711.537196
14790.6781,5000,2716.973387
46.427859,38,2716.992133
14820.715041,5000,2721.545817
14800.598313,5000,2726.955466
14787.37425,5000,2731.541327
14795.741072,5000,2737.017045
14805.506966,5000,2741.699388
14791.412302,5000,2746.326784
14790.698376,5000,2751.967892
14804.110906,5000,2756.89631
14802.631096,5000,2762.329824
14798.645555,5000,2766.912945
14817.902496,5000,2772.329957
14820.247056,5000,2776.959075
14791.228548,5000,2782.381453
14818.507938,5000,2786.966021
14816.163094,5000,2791.540241
14800.698379,5000,2796.975786
14793.941726,5000,2801.611379
14800.311658,5000,2807.02511
14814.856522,5000,2811.626838
14808.235977,5000,2817.16179
14813.482249,5000,2821.756822
14812.003162,5000,2827.098875
14806.873934,5000,2831.758459
14811.075895,5000,2836.315001
14804.773672,5000,2841.827845
14820.414116,5000,2846.473343
14803.100126,5000,2851.973049
14822.667922,5000,2856.575176
14824.487373,5000,2862.098536
14810.381249,5000,2867.099102
14818.936966,5000,2872.728857
14824.554031,5000,2877.379845
14804.200015,5000,2881.97321
14818.651969,5000,2887.460876
14817.962312,5000,2892.16071
14813.849474,5000,2897.607782
54.248956,39,2897.627662
14808.546175,5000,2902.264549
14808.250087,5000,2907.672799
14787.259153,5000,2912.335106
14799.651334,5000,2917.698153
14817.6819,5000,2922.292385
14816.139108,5000,2926.905683
14799.970794,5000,2932.403747
14788.560142,5000,2937.003247
14788.804871,5000,2942.443059
14801.500272,5000,2947.063384
14801.498458,5000,2952.521391
14828.261335,5000,2957.167436
14817.152778,5000,2961.737174
14826.595908,5000,2967.225048
14802.543385,5000,2971.817785
14804.835839,5000,2977.510035
14800.414333,5000,2982.193029
14798.765821,5000,2987.621962
14812.052303,5000,2992.203829
14798.246891,5000,2997.594604
14804.011249,5000,3002.399685
14784.636387,5000,3006.976533
14779.692241,5000,3012.370968
14798.039947,5000,3016.940589
14793.149445,5000,3022.373797
14816.096825,5000,3026.968597
14803.810391,5000,3032.473365
14808.447265,5000,3037.077705
14788.738575,5000,3042.502186
14788.920915,5000,3047.183382
14810.075858,5000,3051.791528
14810.718089,5000,3057.190113
14778.156923,5000,3061.795796
14805.285376,5000,3067.204376
14797.055912,5000,3071.879959
14807.62477,5000,3077.333317
14795.11345,5000,3081.979358
14799.516239,5000,3087.735767
14778.779934,5000,3092.673311
14818.249803,5000,3097.277186
14825.599673,5000,3102.71808
14812.786772,5000,3107.303605
14813.960245,5000,3112.756699
14806.412836,5000,3117.357949
14815.052419,5000,3122.85371
14818.216745,5000,3127.455319
14818.404303,5000,3132.10391
14815.577082,5000,3137.555993
14815.328888,5000,3142.188333
14816.911344,5000,3147.74034
14821.189463,5000,3152.349821
14820.709099,5000,3157.798422
14817.938142,5000,3162.423656
14811.841831,5000,3167.812127
14809.218549,5000,3172.480962
14825.030731,5000,3177.133868
14813.053722,5000,3182.653113
14826.670221,5000,3187.332026
14813.520827,5000,3192.842047
14819.228403,5000,3197.785139
14819.129117,5000,3203.181356
14799.395983,5000,3207.747251
14805.26808,5000,3213.117475
14807.748002,5000,3217.679206
14811.508905,5000,3222.338007
14809.489031,5000,3227.822515
14809.331287,5000,3232.455462
14806.293704,5000,3237.93653
14812.577076,5000,3242.585188
14809.763036,5000,3248.06608
14799.272176,5000,3252.688514
14808.592511,5000,3258.132776
14822.78535,5000,3262.77002
14820.605669,5000,3267.370642
14819.992223,5000,3272.886358
14816.622804,5000,3277.500174
14823.765632,5000,3282.950014
14825.35587,5000,3287.647051
14825.620043,5000,3293.201478
14818.110321,5000,3297.830875
14821.555476,5000,3302.644688
14812.357617,5000,3308.537233
14810.303428,5000,3313.145845
14812.432213,5000,3318.565424
14806.258361,5000,3323.216161
14821.501115,5000,3328.867847
14813.575831,5000,3333.789664
14818.48105,5000,3339.759391
14815.270724,5000,3344.478667
14815.736167,5000,3349.128178
14820.145401,5000,3354.65077
14818.10053,5000,3359.352544
14817.342844,5000,3364.803899
14816.169033,5000,3369.464906
14812.770186,5000,3375.029074
14811.842429,5000,3379.665674
14809.228232,5000,3385.157795
14803.123278,5000,3389.87427
14805.725324,5000,3394.586579
14801.833446,5000,3400.14781
14793.076291,5000,3404.90776
14778.799309,5000,3410.49765
14789.272111,5000,3415.22491
14802.297968,5000,3420.789149
14779.854246,5000,3425.480356
14787.249279,5000,3430.963128
14792.601247,5000,3435.699134
14788.375344,5000,3440.394477
14798.879669,5000,3445.937028
14767.775423,5000,3450.743821
14770.451762,5000,3456.310627
14789.275921,5000,3460.983104
14763.45032,5000,3466.591259
14770.428106,5000,3471.220628
14785.080998,5000,3476.75242
14794.652283,5000,3481.52697
14776.110273,5000,3486.169624
14770.968022,5000,3491.933935
14764.461214,5000,3496.568995
14767.711294,5000,3502.153855
14768.907917,5000,3506.884274
14763.943684,5000,3512.48128
14775.924331,5000,3517.161411
14790.690839,5000,3521.837274
14794.204783,5000,3527.441016
14772.697424,5000,3532.100059
14784.156979,5000,3537.765359
14745.159987,5000,3542.494481
14753.857965,5000,3548.09968
14772.670349,5000,3552.773391
14767.231633,5000,3558.387365
14767.447255,5000,3563.094132
14775.447174,5000,3567.733141
14765.270406,5000,3573.256101
14784.436864,5000,3577.91608
14772.330247,5000,3583.502498
14789.571771,5000,3588.221986
14777.923768,5000,3593.804949
14784.726752,5000,3598.449868
14794.277964,5000,3603.981038
14771.667126,5000,3608.617515
14742.57574,5000,3613.18552
14779.951082,5000,3618.722139
14775.400808,5000,3623.296413
14738.347619,5000,3628.778119
14770.714311,5000,3633.484662
14776.066264,5000,3638.979897
14764.753884,5000,3643.587557
14766.668883,5000,3649.18756
14753.121378,5000,3653.919444
14760.541771,5000,3658.524276
14774.967909,5000,3664.061179
14772.292813,5000,3668.750639
14782.346833,5000,3674.2776
14773.903684,5000,3678.954868
14750.442827,5000,3684.506204
14755.41856,5000,3689.169948
14770.557755,5000,3693.845787
14772.812613,5000,3699.388037
14767.871714,5000,3704.003118
14779.478645,5000,3709.548731
14761.665552,5000,3714.195258
14761.643301,5000,3719.823205
14749.665266,5000,3724.447865
14750.525808,5000,3729.997897
14775.945804,5000,3734.711534
14753.335754,5000,3739.373484
14759.045562,5000,3745.082494
14761.656467,5000,3749.795638
14763.215832,5000,3755.389089
14765.107416,5000,3760.099741
14762.381208,5000,3765.758205
14760.880682,5000,3770.401872
14763.250299,5000,3775.929093
14750.933491,5000,3780.661278
14779.963612,5000,3785.318124
14773.110524,5000,3790.858263
14773.509478,5000,3795.480275
14757.280933,5000,3801.076004
14757.690593,5000,3805.767918
14775.490874,5000,3811.344466
14764.555019,5000,3816.019437
14760.561848,5000,3821.428955
14753.33021,5000,3826.103692
14775.89678,5000,3830.714739
14767.350522,5000,3836.194927
14781.800916,5000,3840.812201
14762.657799,5000,3846.352393
14762.798814,5000,3851.012449
14775.67471,5000,3856.525747
14761.391643,5000,3861.131372
14776.374859,5000,3865.790072
14768.16125,5000,3871.301456
14764.248985,5000,3875.930946
14772.243334,5000,3881.447252
14779.481209,5000,3886.080258
14770.00045,5000,3891.621551
14780.690212,5000,3896.298384
14793.138372,5000,3901.758237
14775.822536,5000,3906.381177
14748.453052,5000,3910.93099
14779.731556,5000,3916.42655
14757.094496,5000,3921.017752
14777.754492,5000,3926.551101
14781.926656,5000,3931.12379
14771.61457,5000,3936.605815
14778.607088,5000,3941.168863
14763.520671,5000,3946.611874
14773.946626,5000,3951.221337
14776.25373,5000,3955.838568
14789.277957,5000,3961.329439
14780.458562,5000,3965.927403
14784.627104,5000,3971.430727
14795.457745,5000,3976.03091
14783.670821,5000,3981.550667
14772.803629,5000,3986.198986
14780.687577,5000,3991.813162
14785.995971,5000,3996.601314
14784.470263,5000,4001.321255
14769.060898,5000,4006.953935
14772.354134,5000,4011.624136
14771.728088,5000,4017.328712
14771.328245,5000,4022.044545
14780.965039,5000,4027.715643
14769.635092,5000,4032.40881
14777.293028,5000,4037.08234
14769.696872,5000,4042.671088
14775.199378,5000,4047.459487
14773.726031,5000,4053.144773
14769.923466,5000,4057.90102
14777.831862,5000,4063.60726
14778.17383,5000,4068.281901
14784.850382,5000,4073.887748
14780.153423,5000,4078.666618
14779.771865,5000,4083.344882
14772.555373,5000,4089.063712
14780.369947,5000,4093.77947
14765.794057,5000,4099.381962
14775.220858,5000,4104.089454
14776.772614,5000,4109.790743
14781.053302,5000,4114.461159
14781.970369,5000,4120.134307
14776.385971,5000,4124.985789
14766.910758,5000,4129.755771
14779.000364,5000,4135.388162
14777.355472,5000,4140.113498
14772.645765,5000,4145.612467
14771.942666,5000,4150.185926
14779.290969,5000,4155.726835
14764.811177,5000,4160.377169
14771.587161,5000,4165.866035
14761.608382,5000,4170.587065
14774.033439,5000,4175.215153
14782.672065,5000,4180.776819
14779.87919,5000,4185.382826
14777.474663,5000,4190.926654
14763.998007,5000,4195.550225
14769.219353,5000,4201.018393
14776.509874,5000,4205.645057
14767.046432,5000,4211.156478
14781.825909,5000,4215.806036
14767.676671,5000,4220.405784
14765.410399,5000,4225.84807
14765.924884,5000,4230.438806
14777.253353,5000,4235.929312
14772.987514,5000,4240.537724
14777.468421,5000,4245.971753
14755.481297,5000,4250.601916
14763.916478,5000,4255.169179
14750.620731,5000,4260.640064
14754.784296,5000,4265.222712
14757.471875,5000,4270.686119
14745.257799,5000,4275.389899
14746.674191,5000,4281.300955
14750.494771,5000,4286.110398
14755.744534,5000,4291.779726
14756.793495,5000,4296.548382
14748.384453,5000,4301.360923
14752.890777,5000,4307.008451
14746.819673,5000,4311.811299
14741.162684,5000,4317.602924
14755.675814,5000,4322.478015
14742.923848,5000,4328.265546
14749.966804,5000,4333.131232
14746.021357,5000,4338.748707
14753.855441,5000,4343.676808
14742.050435,5000,4348.646037
14757.431941,5000,4354.459109
14754.779917,5000,4359.286451
14754.212195,5000,4365.025579
14751.687884,5000,4369.710973
14763.098964,5000,4375.488633
14764.104031,5000,4380.381852
14762.062771,5000,4386.153598
14755.450078,5000,4390.851328
14771.367387,5000,4395.45761
14775.286408,5000,4401.078969
14772.728694,5000,4405.765853
14774.376196,5000,4411.272094
14784.113139,5000,4415.988164
14774.08858,5000,4421.559146
14780.209639,5000,4426.294992
14771.549435,5000,4431.243965
14775.20212,5000,4436.907267
14774.796865,5000,4441.674759
14772.026833,5000,4447.321103
14760.261113,5000,4452.1157
14775.476428,5000,4457.719576
14763.77468,5000,4462.485336
14779.442965,5000,4468.167076
14776.334369,5000,4472.899157
14779.237679,5000,4477.65256
14775.669083,5000,4483.297794
14774.307335,5000,4487.994418
14766.867566,5000,4493.90226
14762.347124,5000,4498.649493
14750.912918,5000,4504.257961
14757.609178,5000,4508.976583
14755.04063,5000,4514.64868
14764.969934,5000,4519.404659
14752.086483,5000,4524.119872
14762.787209,5000,4529.73779
14758.026231,5000,4534.474201
14757.994946,5000,4540.02996
14758.295345,5000,4544.720798
14765.458585,5000,4550.235086
14766.860463,5000,4554.831171
14757.96164,5000,4560.342529
14758.138724,5000,4564.984725
14759.453462,5000,4569.810855
14750.261528,5000,4575.651579
14760.495817,5000,4580.894241
14758.224441,5000,4586.933268
14766.087044,5000,4591.910908
14758.260531,5000,4597.817214
14760.881259,5000,4602.950243
14755.209554,5000,4607.802851
14751.955087,5000,4613.691424
14753.62051,5000,4618.973541
14755.224068,5000,4624.954762
14761.479564,5000,4629.90439
14752.860211,5000,4635.879239
14754.159408,5000,4640.798524
14762.92343,5000,4646.508954
14759.848672,5000,4651.434733
14764.757429,5000,4656.301753
14755.748206,5000,4662.241606
14760.356311,5000,4667.195977
14764.567957,5000,4673.031237
14764.86197,5000,4677.931921
14766.557852,5000,4683.819205
14763.134017,5000,4688.617014
14771.209318,5000,4694.312694
14761.149311,5000,4699.148177
14745.958554,5000,4703.993944
14760.194189,5000,4709.774716
14766.025845,5000,4714.423317
14757.887289,5000,4719.827984
14746.919107,5000,4724.626582
14779.857337,5000,4730.436754
14777.756367,5000,4735.208002
14769.211318,5000,4740.996224
14765.824381,5000,4745.882221
14761.407624,5000,4750.74727
14773.612884,5000,4756.529386
14779.649416,5000,4761.385996
14769.110176,5000,4767.320432
14773.63469,5000,4772.11172
14758.133933,5000,4777.997994
14771.279254,5000,4782.837359
14778.840455,5000,4788.664423
14778.47666,5000,4793.48083
14777.445777,5000,4798.376157
14767.937338,5000,4804.165606
14765.639591,5000,4808.981811
14771.100313,5000,4814.9066
14773.804934,5000,4819.690247
14776.694188,5000,4825.506722
14784.349205,5000,4830.33125
14784.475095,5000,4835.26252
14788.200134,5000,4841.020507
14772.044099,5000,4845.836485
14787.755007,5000,4851.581011
14790.459825,5000,4856.440646
14780.692475,5000,4862.171398
14787.760565,5000,4866.98545
14779.027157,5000,4872.780398
14786.610977,5000,4877.682871
14790.786288,5000,4882.45421
14782.057789,5000,4888.250289
14793.316243,5000,4893.073802
14785.875128,5000,4898.883819
14781.213366,5000,4903.687388
14793.39352,5000,4909.544291
14791.860186,5000,4914.362309
14784.425686,5000,4920.177081
14795.151211,5000,4925.109137
14780.892513,5000,4929.970286
14794.983726,5000,4935.799493
14790.626365,5000,4940.62309
14790.781689,5000,4946.477135
14795.071985,5000,4951.331024
14797.014463,5000,4957.050697
14789.074116,5000,4961.978859
14795.879989,5000,4967.691021
14788.22406,5000,4972.513545
14792.407969,5000,4977.394307
14787.688528,5000,4983.129099
14796.143166,5000,4988.030071
14779.855065,5000,4993.75413
14793.554137,5000,4998.627193
14788.877895,5000,5004.38872
14777.288177,5000,5009.324499
14799.223403,5000,5014.134382
14801.904158,5000,5019.943207
14795.021988,5000,5024.78221
14796.707458,5000,5030.85725
14779.68328,5000,5035.642305
14785.418182,5000,5041.474135
14783.636743,5000,5046.231081
14792.913687,5000,5052.003121
14794.415728,5000,5056.816502
14794.564983,5000,5061.654732
14787.495199,5000,5067.351916
14782.909853,5000,5072.16299
14797.617455,5000,5077.864835
14793.06604,5000,5082.657684
14789.469418,5000,5088.281277
14794.076208,5000,5092.973334
14791.431104,5000,5098.6923
14783.565757,5000,5103.54934
14788.974692,5000,5108.411443
14790.502259,5000,5114.276536
14794.141948,5000,5119.08321
14784.671178,5000,5124.907408
14798.284264,5000,5129.785991
14805.227256,5000,5135.733677
14803.146246,5000,5140.655211
14804.965936,5000,5146.417152
14800.643605,5000,5151.373294
14800.967309,5000,5156.217856
14795.556624,5000,5162.025473
14793.97661,5000,5166.937912
14789.069731,5000,5172.855273
14795.722364,5000,5177.878206
14773.807014,5000,5183.715607
14785.416024,5000,5188.640865
14779.759692,5000,5193.569406
14780.641268,5000,5199.421947
14779.802545,5000,5204.360869
14793.013292,5000,5210.169658
14799.837163,5000,5214.998738
14796.338263,5000,5220.772043
14791.535298,5000,5225.632706
14794.378155,5000,5232.148018
14780.641538,5000,5237.198928
14781.698772,5000,5242.409889
14768.398181,5000,5248.134234
14786.144712,5000,5252.831097
14773.350387,5000,5258.583931
14791.789648,5000,5263.381474
14770.489452,5000,5269.15418
14759.387434,5000,5273.970547
14775.621621,5000,5279.749475
14770.745798,5000,5284.60388
14771.587489,5000,5289.413183
14786.340711,5000,5295.401136
14785.845225,5000,5300.274077
14792.390299,5000,5306.205358
14785.514341,5000,5311.195026
14785.897972,5000,5317.044245
14785.273239,5000,5321.929219
14780.905243,5000,5327.82381
14787.011845,5000,5332.855146
14779.259451,5000,5337.769336
14781.49167,5000,5343.607656
14787.042726,5000,5348.543462
14780.058968,5000,5354.374245
14788.150152,5000,5359.260108
14786.401084,5000,5365.027768
14781.803062,5000,5369.86779
14788.181775,5000,5374.718021
14766.417311,5000,5380.489767
14759.452801,5000,5385.27966
14779.436609,5000,5390.923213
14775.704909,5000,5395.786947
14780.081108,5000,5401.561777
14788.244461,5000,5406.561337
14790.276672,5000,5412.345513
14780.482844,5000,5417.302874
14787.72018,5000,5422.133954
14784.55153,5000,5428.073864
14782.026596,5000,5432.953473
14785.509866,5000,5438.790221
14777.300171,5000,5443.654357
14780.240584,5000,5449.541755
14762.08451,5000,5454.339181
14769.29167,5000,5460.109061
14770.713236,5000,5465.179951
14773.053747,5000,5470.193341
14769.580588,5000,5476.057197
14770.730268,5000,5480.871565
14761.852868,5000,5486.704142
14775.796497,5000,5491.663542
14786.259338,5000,5497.459229
14787.913661,5000,5502.221082
14792.476214,5000,5508.002914
14788.503083,5000,5512.886295
14792.803814,5000,5517.701864
14787.732696,5000,5523.326855
14791.983188,5000,5528.119365
14794.450549,5000,5533.75264
14797.179049,5000,5538.561851
14799.080631,5000,5544.386522
14796.655377,5000,5549.40286
14798.934218,5000,5555.284448
14799.833741,5000,5560.135618
14800.828635,5000,5564.959422
14797.730721,5000,5570.925044
14799.945653,5000,5575.905233
14798.277842,5000,5581.63361
14801.337424,5000,5586.407034
14798.023899,5000,5592.289315
14797.306802,5000,5597.279067
14787.639638,5000,5602.047209
14781.720884,5000,5607.807643
14779.936388,5000,5612.698235
14777.605295,5000,5618.61998
14794.04868,5000,5623.570174
14783.876845,5000,5629.343586
14797.159181,5000,5634.384049
14800.850118,5000,5640.125981
14803.532389,5000,5645.000421
14800.224219,5000,5649.844478
14800.917603,5000,5655.613144
14797.964491,5000,5660.394617
14800.204999,5000,5666.112448
14798.15669,5000,5671.114642
14803.773431,5000,5677.080009
14798.528287,5000,5681.909113
14798.344328,5000,5687.745361
14800.342256,5000,5692.595645
14804.556135,5000,5697.393599
14801.810644,5000,5703.175116
14804.212425,5000,5708.093895
14795.614446,5000,5713.808497
14793.877618,5000,5718.577051
14780.668595,5000,5724.391947
14782.000832,5000,5729.321686
14777.795837,5000,5735.039616
14781.321315,5000,5739.940707
14783.7313,5000,5744.765075
14779.875574,5000,5750.604673
14781.834247,5000,5755.473364
14775.514828,5000,5761.247015
14784.071598,5000,5766.014994
14783.377077,5000,5771.756258
14780.524059,5000,5776.717143
14784.858966,5000,5781.704661
14778.803794,5000,5787.515925
14766.751141,5000,5792.429154
14772.199618,5000,5798.145777
14770.123011,5000,5802.97894
14778.954825,5000,5808.732242
14779.117767,5000,5814.235947
14767.988115,5000,5820.103474
14774.352205,5000,5825.066184
14772.777545,5000,5830.069492
14772.171563,5000,5835.470703
14776.072511,5000,5840.369637
14767.120403,5000,5846.117619
14785.774435,5000,5850.793284
14773.016191,5000,5856.387975
14767.857144,5000,5861.109478
14766.222923,5000,5866.925082
14775.166695,5000,5871.67335
14768.827063,5000,5876.333705
14783.029548,5000,5881.873047
14778.123205,5000,5886.540143
14777.735866,5000,5892.112954
14781.003087,5000,5896.821634
14775.508633,5000,5902.37325
14779.392146,5000,5907.005831
14775.389398,5000,5912.554604
14780.358348,5000,5917.272551
14780.892557,5000,5921.941942
14780.652909,5000,5927.509719
14782.305362,5000,5932.21307
14782.861457,5000,5937.775598
14779.993806,5000,5942.388566
14775.871595,5000,5947.978716
14776.434609,5000,5952.726131
14777.517993,5000,5957.505613
14767.721448,5000,5963.189742
14774.171684,5000,5967.918727
14791.822417,5000,5973.5978
14790.093968,5000,5978.259147
14779.224593,5000,5983.779856
14781.06062,5000,5988.403041
14770.822976,5000,5993.889191
14784.424035,5000,5998.540905
14787.246286,5000,6003.212453
14784.158857,5000,6008.708044
14779.306141,5000,6013.355672
14789.085169,5000,6018.914407
14788.094542,5000,6023.538264
14792.890261,5000,6029.087824
14781.606757,5000,6033.703097
14785.13179,5000,6039.202479
14788.410604,5000,6043.891244
14792.180722,5000,6048.609526
14788.033077,5000,6054.178346
14779.902987,5000,6058.897652
14775.492133,5000,6064.505792
14775.782804,5000,6069.213096
14788.455584,5000,6074.78964
14793.120591,5000,6079.573322
14789.303131,5000,6085.301926
14784.616276,5000,6090.20019
14768.862648,5000,6095.030305
14767.276441,5000,6100.756021
14775.037914,5000,6105.627193
14774.591726,5000,6111.400997
14775.347262,5000,6116.316334
14770.59631,5000,6122.142883
14767.916136,5000,6127.077415
14766.146,5000,6132.784435
14771.839486,5000,6137.604753
14770.385211,5000,6142.383987
14766.687801,5000,6148.252253
14763.424398,5000,6153.088309
14769.261179,5000,6158.908998
14772.400752,5000,6163.711285
14766.336273,5000,6169.455332
14776.722063,5000,6174.422808
14777.218904,5000,6179.550075
14769.952644,5000,6185.51444
14775.100131,5000,6190.511406
14768.145829,5000,6196.364741
14776.135745,5000,6201.216518
14771.210781,5000,6206.988829
14768.493875,5000,6211.889852
14763.297709,5000,6217.734736
14777.208494,5000,6222.661032
14769.556551,5000,6227.430641
14777.021532,5000,6233.057036
14769.850993,5000,6237.854206
14760.981033,5000,6243.556382
14758.660331,5000,6248.347435
14772.746473,5000,6254.088713
14767.072601,5000,6259.063662
14772.742624,5000,6264.833527
14761.701096,5000,6269.688058
14760.718048,5000,6274.556246
14767.30581,5000,6280.369886
14760.079326,5000,6285.279639
14762.599141,5000,6291.08097
14771.027555,5000,6295.884793
14777.053012,5000,6301.613649
14780.085265,5000,6306.425308
14779.507496,5000,6312.130524
14780.889691,5000,6316.973102
14779.355799,5000,6321.817826
14778.641651,5000,6327.73808
14774.018487,5000,6332.604416
14776.531497,5000,6338.339982
14770.971107,5000,6343.362731
14758.261876,5000,6349.171204
14762.505944,5000,6354.05825
14763.99196,5000,6358.905282
14776.488582,5000,6364.667098
14776.314871,5000,6369.439275
14762.896228,5000,6375.25163
14771.937923,5000,6380.044486
14775.393206,5000,6385.723221
14769.302448,5000,6390.461861
14737.183893,5000,6396.209249
14618.347052,5000,6401.027107
14776.494472,5000,6405.815063
14735.939934,5000,6411.521116
14417.467334,5000,6416.325588
14535.919792,5000,6422.061587
14723.303638,5000,6426.793212
12495.106413,5000,6432.544471
13830.758052,5000,6437.303919
14613.128766,5000,6442.924593
14082.544931,5000,6447.765847
14267.776705,5000,6452.596091
14497.024291,5000,6458.22208
13753.568825,5000,6462.923136
14397.247113,5000,6468.533557
12719.777927,5000,6473.226321
13278.635451,5000,6478.931312
13008.821889,5000,6483.735865
13053.719477,5000,6489.411659
13093.742214,5000,6494.158374
13537.938886,5000,6498.892382
13448.336375,5000,6504.490009
14341.0026,5000,6509.226182
13833.467412,5000,6514.792775
14721.568204,5000,6519.475087
14096.286417,5000,6525.03626
14307.734162,5000,6529.687186
13685.279555,5000,6534.327017
12442.768382,5000,6539.871065
12562.010555,5000,6544.603508
12803.387994,5000,6550.131427
12767.665708,5000,6554.73851
13348.068448,5000,6560.262833
13056.980942,5000,6564.916886
14772.6268,5000,6570.422771
13247.545229,5000,6575.058101
14777.585162,5000,6579.703961
14778.609678,5000,6585.298347
14773.05255,5000,6589.992727
14775.8653,5000,6595.633806
14765.45183,5000,6600.385088
14763.760542,5000,6606.071329
14765.453331,5000,6610.779149
14768.352002,5000,6616.445898
14770.343332,5000,6621.150332
14771.699759,5000,6625.866439
14766.182517,5000,6631.44749
14771.89186,5000,6636.011574
14770.076252,5000,6641.802176
14773.148341,5000,6646.436781
14770.618486,5000,6651.935506
14770.460094,5000,6656.622133
14769.559372,5000,6662.136472
14773.378751,5000,6666.722124
14771.279241,5000,6671.30758
14772.29359,5000,6676.806778
14774.342404,5000,6681.386977
14777.18042,5000,6686.850987
14771.317053,5000,6691.388539
14787.17384,5000,6696.834005
14785.919711,5000,6701.433146
14772.414915,5000,6706.034306
14781.892461,5000,6711.472553
14767.324711,5000,6716.048176
14781.621955,5000,6721.462478
14777.466053,5000,6725.986833
14772.086045,5000,6731.360406
14785.539775,5000,6735.888162
14781.39594,5000,6741.259748
14781.572097,5000,6745.901397
14783.378767,5000,6750.471979
14783.764737,5000,6755.931208
14784.932131,5000,6760.516123
14785.810212,5000,6765.96456
14785.124708,5000,6770.557215
14783.457661,5000,6775.938102
14778.002976,5000,6780.511338
14778.67502,5000,6785.94784
14782.432363,5000,6790.505801
14779.888838,5000,6795.108516
14780.862065,5000,6800.542787
14773.264204,5000,6805.123058
14774.070964,5000,6810.53583
14781.092045,5000,6815.146927
14780.585894,5000,6820.59383
14779.459174,5000,6825.157824
14777.335327,5000,6830.618972
14773.233891,5000,6835.26621
14777.727212,5000,6839.86353
14774.402527,5000,6845.351234
14770.822731,5000,6849.907038
14763.852296,5000,6855.399251
14760.977222,5000,6859.966969
14762.441631,5000,6865.397911
14758.324875,5000,6869.973222
14767.021094,5000,6875.382958
14762.360054,5000,6879.965179
14764.804488,5000,6884.547532
14772.287682,5000,6890.011554
14760.132598,5000,6894.622619
14760.42399,5000,6900.092358
14763.709945,5000,6904.682603
14760.355943,5000,6910.096301
14757.484275,5000,6914.677989
14762.290301,5000,6919.251897
14765.293709,5000,6924.703871
14761.444611,5000,6929.277459
14760.49132,5000,6934.700335
14754.611786,5000,6939.279641
14761.132176,5000,6944.727882
14757.608053,5000,6949.235962
14749.294717,5000,6954.60394
14745.122159,5000,6959.158441
14749.285936,5000,6963.750459
14743.456614,5000,6969.151027
14718.143112,5000,6973.663103
14711.104324,5000,6979.051287
14708.908268,5000,6983.553416
14712.014093,5000,6989.00412
14714.167545,5000,6993.479941
14711.58326,5000,6998.802524
14706.721422,5000,7003.347137
14719.027946,5000,7007.870218
14706.207757,5000,7013.288761
14680.736801,5000,7017.78057
14698.559524,5000,7023.173986
14715.253596,5000,7027.707426
14675.007034,5000,7033.094749
14678.103178,5000,7037.624444
14678.991686,5000,7042.944054
14675.650631,5000,7047.496504
14652.074458,5000,7051.992453
14671.613591,5000,7057.390369
14683.436393,5000,7061.881936
14686.425191,5000,7067.254478
14676.78165,5000,7071.740876
14696.39536,5000,7077.129336
14684.901188,5000,7081.648295
14707.525634,5000,7086.183885
14716.243267,5000,7091.543509
14719.801307,5000,7096.049302
14720.149765,5000,7101.417948
14715.882806,5000,7105.920703
14719.797841,5000,7111.300578
14726.384459,5000,7116.053177
14724.763072,5000,7121.641649
14712.123953,5000,7126.281912
14714.061664,5000,7130.850236
14721.267569,5000,7136.413179
14713.19716,5000,7140.993265
14722.925755,5000,7146.463357
14719.263117,5000,7150.993173
14722.410367,5000,7156.458644
14713.882391,5000,7160.988571
14709.62152,5000,7166.435419
14713.447714,5000,7171.120374
14704.139529,5000,7175.721397
14703.257258,5000,7181.206006
14702.124848,5000,7185.756627
14715.584068,5000,7191.240601
14694.193489,5000,7195.86733
14698.973811,5000,7201.270123
14685.131919,5000,7205.874113
14650.08323,5000,7211.320113
14683.817957,5000,7215.94924
14593.257403,5000,7220.485312
12973.379412,5000,7225.853234
12095.408993,5000,7230.299832
14525.316542,5000,7235.752858
14512.948386,5000,7240.265727
14496.688696,5000,7245.641015
14626.828744,5000,7250.119606
14658.196364,5000,7254.644532
14648.904753,5000,7260.014831
14600.772807,5000,7264.503895
14644.159686,5000,7269.896593
14588.753117,5000,7274.364162
14566.992163,5000,7279.752521
14541.554502,5000,7284.259549
14538.333569,5000,7289.567446
14531.145664,5000,7294.159272
14120.802649,5000,7298.625823
14064.333891,5000,7304.035963
14588.736737,5000,7308.518961
14478.142046,5000,7313.885833
14522.496918,5000,7318.399352
14467.840937,5000,7323.797225
14507.299834,5000,7328.307601
14593.239603,5000,7333.665405
14599.471842,5000,7338.241714
14672.668864,5000,7342.816153
14593.386012,5000,7348.306938
14610.07876,5000,7352.82944
14590.757206,5000,7358.258686
14603.177919,5000,7362.788505
14587.308454,5000,7368.141939
14584.263143,5000,7372.622595
14553.147811,5000,7378.034244
14522.640115,5000,7382.625561
14472.801397,5000,7387.121119
13692.822003,5000,7392.55032
14441.631315,5000,7397.273044
14468.48605,5000,7402.934947
14447.676305,5000,7407.556585
14327.704154,5000,7413.01992
14345.72028,5000,7417.585396
14446.552793,5000,7422.702816
14577.215355,5000,7426.985049
14608.095653,5000,7431.479182
14566.525703,5000,7436.866733
14625.952136,5000,7441.451423
14609.302266,5000,7446.919865
14566.320889,5000,7451.393838
14561.04298,5000,7456.749084
14604.430145,5000,7461.281125
14557.799515,5000,7465.92183
14583.342461,5000,7471.36996
14529.643244,5000,7475.900482
14614.235621,5000,7481.338953
14588.045789,5000,7485.860469
14639.744456,5000,7491.325533
14621.379636,5000,7495.834559
14637.357089,5000,7501.211579
14669.636104,5000,7505.742323
14624.984716,5000,7510.321934
14661.013001,5000,7515.691192
14663.441247,5000,7520.220916
14654.526255,5000,7525.699341
14675.625393,5000,7530.161562
14656.534133,5000,7535.601553
14645.921171,5000,7540.071243
14654.937601,5000,7545.348826
14639.980524,5000,7549.882577
14657.928254,5000,7554.428806
14636.981792,5000,7559.826434
14615.024487,5000,7564.376884
14622.931717,5000,7569.750573
14665.093167,5000,7574.308189
14651.193014,5000,7579.705635
14575.998871,5000,7584.230756
14624.656515,5000,7589.503771
14636.041623,5000,7594.06185
14654.651041,5000,7598.553235
14602.99238,5000,7603.876561
14652.811599,5000,7608.370381
14641.86487,5000,7613.767274
14636.751478,5000,7618.309654
14645.257693,5000,7623.65613
14671.60355,5000,7628.196511
14629.811489,5000,7632.737799
14662.08432,5000,7638.141912
14684.719957,5000,7642.69212
14665.041162,5000,7648.004813
14679.956662,5000,7652.521457
14643.315705,5000,7657.898406
14655.867379,5000,7662.46255
14693.4698,5000,7667.838235
14689.573786,5000,7672.302966
14667.25681,5000,7676.830425
14657.342592,5000,7682.226445
14676.914253,5000,7686.6991
14652.771876,5000,7692.129564
14659.313136,5000,7696.619097
14694.516936,5000,7701.99519
14660.383886,5000,7706.465038
14630.720748,5000,7711.865963
14704.074976,5000,7716.418589
14702.446132,5000,7720.964586
14679.785179,5000,7726.360528
14702.993336,5000,7730.84958
14697.483405,5000,7736.238462
14708.167264,5000,7740.765044
14654.199536,5000,7746.170648
14633.910182,5000,7750.670472
14636.036905,5000,7756.041647
14529.054348,5000,7760.645902
14531.388978,5000,7765.099486
14454.732136,5000,7770.428899
14504.778097,5000,7774.89667
14496.972842,5000,7780.229963
14508.348205,5000,7784.695395
14525.356437,5000,7790.0135
14508.187444,5000,7794.512771
14453.990812,5000,7798.974129
14506.017071,5000,7804.400331
14635.523023,5000,7809.104502
14612.39975,5000,7814.507923
14414.068326,5000,7818.991915
14568.777908,5000,7824.338677
14560.791788,5000,7828.810438
14632.379314,5000,7834.106484
14499.077688,5000,7838.616913
14612.61383,5000,7843.141078
14610.642119,5000,7848.499161
14691.506937,5000,7852.977777
14560.102981,5000,7858.31434
14603.044876,5000,7862.767586
14618.388318,5000,7868.184473
14599.1314,5000,7872.659939
14689.550105,5000,7877.958296
14694.701321,5000,7882.532025
14730.424624,5000,7887.071482
14711.485803,5000,7892.42293
14714.676247,5000,7896.88309
14680.109335,5000,7902.301389
14671.738565,5000,7906.827223
14662.767491,5000,7912.117602
14647.4157,5000,7916.639229
14677.71033,5000,7921.986558
14655.356017,5000,7926.559177
14632.482584,5000,7931.085661
14689.359899,5000,7936.493122
14692.013414,5000,7940.95707
14682.937229,5000,7946.427265
14713.202205,5000,7950.966364
14692.093066,5000,7956.298575
14704.40195,5000,7960.857521
14700.644276,5000,7965.341768
14634.642629,5000,7970.732075
14700.255509,5000,7975.187114
14715.676362,5000,7980.613767
14704.685828,5000,7985.127682
14708.27128,5000,7990.536265
14670.672106,5000,7995.050902
14682.697711,5000,8000.36342
14629.855148,5000,8004.905403
14617.955615,5000,8009.457803
14635.491158,5000,8014.857301
14656.479969,5000,8019.307682
14643.303424,5000,8024.694216
14671.589223,5000,8029.201157
14708.394424,5000,8034.530239
14670.266384,5000,8039.055068
14699.035089,5000,8044.394192
14667.289714,5000,8048.906762
14718.813838,5000,8053.365319
14695.161762,5000,8058.732306
14640.870265,5000,8063.261356
14686.577042,5000,8068.589572
14714.006515,5000,8073.112417
14700.215862,5000,8078.51976
14706.057872,5000,8083.050946
14707.280449,5000,8088.336367
14666.038423,5000,8092.832623
14651.895213,5000,8097.296722
14645.792577,5000,8102.854986
14709.143581,5000,8107.504503
14707.930197,5000,8113.07525
14671.806283,5000,8117.718886
14705.181711,5000,8123.36237
14712.899348,5000,8127.927484
14648.087341,5000,8133.253478
14607.171939,5000,8137.758383
14622.228869,5000,8142.208915
14595.651445,5000,8147.504707
14517.003088,5000,8151.975478
14599.894096,5000,8157.105781
14496.727307,5000,8161.79356
14480.459203,5000,8167.20244
14538.935236,5000,8171.662383
14516.49934,5000,8176.107263
14546.853511,5000,8181.395942
14647.853408,5000,8185.798052
14618.771512,5000,8191.103967
14569.96242,5000,8195.611391
14615.608642,5000,8200.879088
14642.376655,5000,8205.391693
14647.804661,5000,8210.668525
14686.920296,5000,8215.187874
14646.886925,5000,8219.642937
14682.461912,5000,8225.015576
14712.002051,5000,8229.491818
14625.706893,5000,8234.811053
14579.816702,5000,8239.286946
14630.28768,5000,8244.594956
14627.439362,5000,8249.08581
14651.307867,5000,8254.363637
14661.907473,5000,8258.821588
14680.639591,5000,8263.348989
14661.041726,5000,8268.684753
14689.592476,5000,8273.132262
14698.815107,5000,8278.503886
14673.580712,5000,8282.990435
14690.652933,5000,8288.352491
14705.537597,5000,8292.826758
14682.655972,5000,8298.158789
14687.023797,5000,8302.702275
14681.366209,5000,8307.128499
14706.584065,5000,8312.417235
14699.164396,5000,8316.853464
14662.295004,5000,8322.217916
14659.003634,5000,8326.70094
14710.788104,5000,8332.036519
14685.399024,5000,8336.554566
14673.79587,5000,8340.992814
14606.568977,5000,8346.339977
14693.776278,5000,8350.749226
14689.318872,5000,8356.118476
14695.004745,5000,8360.612936
14649.380409,5000,8365.898199
14688.104303,5000,8370.340651
14667.586439,5000,8375.715006
14708.155411,5000,8380.220929
14691.949507,5000,8384.71325
14698.185827,5000,8390.088505
14694.472969,5000,8394.494284
14688.931586,5000,8399.843033
14689.45767,5000,8404.333148
14686.300251,5000,8409.704523
14686.610364,5000,8414.208492
14681.523805,5000,8419.472163
14630.158638,5000,8424.005355
14656.413564,5000,8428.502473
14654.904232,5000,8433.797887
14641.735619,5000,8438.231601
14644.018251,5000,8443.557061
14641.717205,5000,8448.052894
14676.299295,5000,8453.440226
14659.939892,5000,8457.92949
14665.734411,5000,8463.19187
14644.772984,5000,8467.657806
14613.995912,5000,8472.200843
14619.49546,5000,8477.523825
14622.459168,5000,8481.990342
14583.580724,5000,8487.290718
14669.528009,5000,8491.812792
14635.329389,5000,8497.186745
14618.739728,5000,8501.618167
14630.402644,5000,8506.138588
14677.334588,5000,8511.544075
14668.716375,5000,8515.994874
14682.442475,5000,8521.280533
14633.25611,5000,8525.798759
14669.812556,5000,8531.162647
14645.116652,5000,8535.614951
14670.400823,5000,8540.933838
14651.356719,5000,8545.436878
14670.743555,5000,8549.870669
14667.240225,5000,8555.159065
14644.432315,5000,8559.644536
14637.884363,5000,8564.960617
14632.614511,5000,8569.398859
14662.420629,5000,8574.699225
14621.529454,5000,8579.118912
14671.091127,5000,8584.435871
14646.916292,5000,8588.89461
14677.55397,5000,8593.325975
14710.391165,5000,8598.642007
14671.157743,5000,8603.159524
14654.572114,5000,8608.489638
14676.090403,5000,8612.933565
14703.49422,5000,8618.237242
14679.90594,5000,8622.737685
14665.175048,5000,8628.074988
14666.547173,5000,8632.552868
14687.252629,5000,8637.067803
14658.196679,5000,8642.441612
14691.594854,5000,8646.955498
14697.066303,5000,8652.296021
14675.80476,5000,8656.824186
14690.707752,5000,8662.18658
14661.783804,5000,8666.708181
14677.489021,5000,8671.961011
14683.951423,5000,8676.434759
14688.135608,5000,8680.875991
14665.426264,5000,8686.23281
14698.684144,5000,8690.741037
14628.120096,5000,8696.088635
14670.372743,5000,8700.586066
14625.940014,5000,8705.832447
14637.940289,5000,8710.277758
14625.327678,5000,8714.708736
14565.79264,5000,8719.997451
14581.4107,5000,8724.441215
14582.025135,5000,8729.787213
14269.36549,5000,8734.215492
14611.066049,5000,8739.522626
14477.797766,5000,8743.943701
14463.454643,5000,8749.19609
14598.734059,5000,8753.653365
14524.172393,5000,8758.090234
14641.211211,5000,8763.355691
14606.707551,5000,8767.781044
14569.915558,5000,8773.082644
14561.144009,5000,8777.511285
14494.69955,5000,8782.787414
14604.094035,5000,8787.282955
14531.066302,5000,8792.523629
14545.976383,5000,8797.047312
14547.530559,5000,8801.496654
13698.805602,5000,8806.758445
14322.84014,5000,8811.15893
14407.230765,5000,8816.518275
14307.028932,5000,8820.949703
14109.747959,5000,8826.246228
14444.551113,5000,8830.740513
14344.222032,5000,8835.972171
14479.687946,5000,8840.441908
14513.209202,5000,8844.949382
14431.393624,5000,8850.236866
14565.243219,5000,8854.682189
14570.17432,5000,8859.965205
14562.568138,5000,8864.406608
14627.593591,5000,8869.67985
14585.791182,5000,8874.166905
14604.955065,5000,8878.673418
14592.966214,5000,8884.00815
14582.577633,5000,8888.472047
14596.665847,5000,8893.818
14588.65474,5000,8898.325524
14621.572296,5000,8903.603959
14549.22025,5000,8908.119315
14584.679547,5000,8913.364542
14573.203882,5000,8917.819282
14576.288329,5000,8922.244899
14617.777049,5000,8927.557259
14634.693765,5000,8932.012798
14581.53781,5000,8937.292248
14577.611238,5000,8941.772382
14591.567857,5000,8947.081467
14637.963893,5000,8951.576553
14634.941063,5000,8956.844847
14588.689448,5000,8961.267934
14558.397891,5000,8965.792089
14527.556447,5000,8971.149459
14336.424179,5000,8975.581612
14410.849784,5000,8980.835315
14509.300624,5000,8985.290217
14495.812219,5000,8990.564412
14564.062579,5000,8995.031727
14478.58625,5000,9000.302331
14520.639018,5000,9004.852246
14523.179714,5000,9009.274625
14551.927322,5000,9014.620005
14502.393932,5000,9019.059458
14550.640955,5000,9024.355249
14497.853218,5000,9028.786712
14460.978623,5000,9034.066699
14586.064499,5000,9038.541051
14521.834233,5000,9042.977211
14533.072265,5000,9048.286948
14586.969631,5000,9052.719319
14522.846311,5000,9058.011709
14596.719526,5000,9062.448779
14511.362405,5000,9067.734457
14620.719143,5000,9072.219402
14605.319342,5000,9077.458255
14593.889189,5000,9081.904603
14595.600018,5000,9086.312249
14583.372591,5000,9091.645145
14543.6964,5000,9096.124743
14514.498615,5000,9101.413797
14584.054336,5000,9105.867461
14550.976894,5000,9111.233313
14586.262252,5000,9115.656264
14540.007759,5000,9120.917977
14551.591024,5000,9125.387295
14541.765171,5000,9129.826431
14527.125263,5000,9135.131821
14568.361445,5000,9139.584536
14567.079377,5000,9144.889975
14601.283786,5000,9149.359165
14613.26634,5000,9154.662953
14632.945338,5000,9159.106869
14608.868949,5000,9164.342446
14617.816255,5000,9168.806231
14634.598994,5000,9173.215442
14637.120434,5000,9178.515732
14591.331186,5000,9183.002504
14628.840419,5000,9188.301419
14653.675145,5000,9192.805847
14633.135336,5000,9198.153173
14545.32542,5000,9202.653905
14614.347182,5000,9207.134196
14530.477712,5000,9212.422322
14622.408073,5000,9216.932657
14618.873263,5000,9222.259056
14598.136274,5000,9226.755669
14632.823277,5000,9232.064121
14581.592505,5000,9236.561119
14586.533226,5000,9241.918107
14588.918169,5000,9246.400619
14584.799124,5000,9250.887601
14638.978974,5000,9256.195286
14589.212247,5000,9260.679984
14611.881347,5000,9266.026801
14638.475337,5000,9270.532198
14620.203683,5000,9275.798541
14631.975112,5000,9280.302927
14632.969006,5000,9285.617435
14599.328719,5000,9290.131586
14601.752465,5000,9294.601803
14650.685866,5000,9299.92553
14639.889957,5000,9304.340471
14636.774661,5000,9309.64521
14655.30135,5000,9314.131552
14634.963633,5000,9319.467962
14627.281959,5000,9323.959559
14665.991596,5000,9329.234559
14639.562406,5000,9333.68801
14655.727589,5000,9338.134566
14606.898874,5000,9343.429369
14627.247401,5000,9347.946683
14645.880632,5000,9353.316597
14628.326595,5000,9357.842146
14617.051336,5000,9363.117553
14644.741882,5000,9367.553478
14602.002489,5000,9372.850615
14658.13874,5000,9377.313889
14655.511849,5000,9381.814291
14639.38828,5000,9387.162796
14611.901438,5000,9391.588659
14619.073133,5000,9396.90379
14588.150311,5000,9401.419133
14572.928119,5000,9406.769239
14618.714004,5000,9411.218815
14600.20288,5000,9415.63808
14629.493498,5000,9420.990816
14602.729987,5000,9425.471643
14564.727257,5000,9430.771877
14606.639773,5000,9435.255679
14618.638676,5000,9440.570112
14600.734857,5000,9445.08516
14582.016312,5000,9450.381288
14608.340149,5000,9454.837947
14554.834835,5000,9459.327586
14603.594413,5000,9464.606746
14613.476262,5000,9469.102278
14569.958541,5000,9474.43262
14609.40892,5000,9478.931317
14578.746442,5000,9484.238378
14529.892971,5000,9488.680026
14583.832279,5000,9493.992274
14601.654058,5000,9498.474201
14603.482289,5000,9502.983142
14607.396267,5000,9508.277377
14544.216278,5000,9512.707949
14513.227337,5000,9518.020769
14529.135678,5000,9522.443986
14566.60569,5000,9527.819439
14571.272453,5000,9532.239628
14597.910229,5000,9537.50854
14572.820607,5000,9541.942445
14517.349949,5000,9546.439068
14607.26732,5000,9551.771119
14531.536285,5000,9556.213402
14603.092836,5000,9561.500857
14594.074896,5000,9565.977058
14538.663856,5000,9571.299273
14629.082959,5000,9575.740186
14599.131127,5000,9580.158305
14556.832192,5000,9585.518528
14600.084517,5000,9590.034001
14560.224334,5000,9595.377469
14614.36708,5000,9599.795137
14590.42919,5000,9605.087327
14634.304792,5000,9609.529144
14609.360024,5000,9614.751642
14621.205706,5000,9619.265822
14627.992793,5000,9623.687496
14628.28273,5000,9628.943729
14651.55768,5000,9633.35216
14626.146925,5000,9638.715665
14618.344349,5000,9643.200086
14618.608942,5000,9648.467645
14649.732204,5000,9652.88591
14686.363859,5000,9658.189694
14687.30019,5000,9662.645397
14679.330945,5000,9667.131197
14674.818711,5000,9672.439948
14685.459647,5000,9676.836532
14692.899207,5000,9682.225528
14703.780671,5000,9686.693574
14666.990554,5000,9692.007939
14686.71812,5000,9696.413018
14695.177378,5000,9701.669167
14683.816234,5000,9706.208049
14702.365114,5000,9710.645565
14718.273224,5000,9715.953753
14699.411118,5000,9720.470487
14702.176159,5000,9725.805838
14718.224038,5000,9730.295461
14721.273118,5000,9735.662288
14703.082765,5000,9740.096116
14711.602935,5000,9744.507276
14705.762087,5000,9749.878366
14688.402512,5000,9754.428336
14745.867741,5000,9759.782708
14737.150496,5000,9764.114196
14742.900597,5000,9769.07985
14732.039343,5000,9773.265796
14711.924877,5000,9778.032077
14699.379465,5000,9782.228142
14699.054731,5000,9786.373798
14700.435017,5000,9791.407891
14703.449319,5000,9795.625924
14717.803928,5000,9800.735355
14716.664936,5000,9804.962737
14711.139286,5000,9809.943218
14707.882962,5000,9814.122597
14714.980742,5000,9819.084742
14721.363411,5000,9823.6712
14688.321371,5000,9828.174739
14701.563942,5000,9833.689371
14704.568124,5000,9838.013393
14706.82495,5000,9842.936057
14689.199405,5000,9847.095638
14705.223829,5000,9851.995556
14702.941761,5000,9856.205504
14683.471876,5000,9861.107227
14680.629478,5000,9865.3805
14642.537045,5000,9869.570736
14699.800892,5000,9874.525133
14690.098318,5000,9878.636264
14708.493372,5000,9883.557528
14693.05103,5000,9887.719851
14675.777435,5000,9892.700667
14702.971581,5000,9896.973679
14668.956457,5000,9901.795934
14708.511757,5000,9905.953185
14682.966109,5000,9910.116129
14690.750419,5000,9915.052833
14701.320474,5000,9919.231771
14694.614262,5000,9924.162495
14694.532692,5000,9928.355325
14693.78365,5000,9933.242233
14713.932641,5000,9937.417401
14706.16966,5000,9941.59662
14706.648876,5000,9946.584196
14709.850478,5000,9950.841734
14721.060016,5000,9955.888515
14725.224453,5000,9960.087091
14711.822205,5000,9964.880283
14726.405491,5000,9969.090968
14724.354864,5000,9974.052246
14723.739792,5000,9978.451895
14714.519818,5000,9983.141345
14705.545926,5000,9988.670997
14696.595078,5000,9993.306666
14688.012492,5000,9998.658431
14652.580015,5000,10003.141936
14729.071202,5000,10008.528386
14699.283922,5000,10013.002809
14682.761578,5000,10018.281041
14706.119063,5000,10022.78212
14700.798,5000,10027.221
